<?xml version="1.0" encoding="UTF-8"?>
 
<schema version="1.0" xmlns="http://www.apple.com/metadata"
                      xmlns:xsi="http://www.w3.org/2001/XMLSchema-instance"
                      xsi:schemaLocation="http://www.apple.com/metadata 
					  file:///System/Library/Frameworks/CoreServices.framework/Frameworks/Metadata.framework/Resources/MetadataSchema.xsd">
            
    <attributes>
        <attribute name="gov_nasa_gsfc_fits_TargetName" type="CFString" nosearch="false"/>
		<attribute name="gov_nasa_gsfc_fits_Instrument" type="CFString" nosearch="false"/>
		<attribute name="gov_nasa_gsfc_fits_Detector" type="CFString" nosearch="false"/>
		<attribute name="gov_nasa_gsfc_fits_Telescope" type="CFString" nosearch="false"/>
		<attribute name="gov_nasa_gsfc_fits_Observatory" type="CFString" nosearch="false"/>
		<attribute name="gov_nasa_gsfc_fits_Observer" type="CFString" nosearch="false"/>
		<attribute name="gov_nasa_gsfc_fits_RaDecSystem" type="CFString" nosearch="false"/>
		<attribute name="gov_nasa_gsfc_fits_LocalSiderealTime" type="CFString" nosearch="false"/>
		<attribute name="gov_nasa_gsfc_fits_UniversalTime" type="CFString" nosearch="false"/>
		<attribute name="gov_nasa_gsfc_fits_ArchiveFilename" type="CFString" nosearch="false"/>

		<attribute name="gov_nasa_gsfc_fits_RightAscension" type="CFNumber" nosearch="false"/>
		<attribute name="gov_nasa_gsfc_fits_Declination" type="CFNumber" nosearch="false"/>
		<attribute name="gov_nasa_gsfc_fits_Airmass" type="CFNumber" nosearch="false"/>
        <attribute name="gov_nasa_gsfc_fits_Naxis" type="CFNumber" nosearch="false"/>
        <attribute name="gov_nasa_gsfc_fits_Naxis1" type="CFNumber" nosearch="false"/>
        <attribute name="gov_nasa_gsfc_fits_Naxis2" type="CFNumber" nosearch="false"/>
		<attribute name="gov_nasa_gsfc_fits_Exptime" type="CFNumber" nosearch="false"/>
		<attribute name="gov_nasa_gsfc_fits_Equinox" type="CFNumber" nosearch="false"/>
		<attribute name="gov_nasa_gsfc_fits_Epoch" type="CFNumber" nosearch="false"/>
		<attribute name="gov_nasa_gsfc_fits_BZero" type="CFNumber" nosearch="false"/>
		<attribute name="gov_nasa_gsfc_fits_BScale" type="CFNumber" nosearch="false"/>
        <attribute name="gov_nasa_gsfc_fits_Bitpix" type="CFNumber" nosearch="false"/>
		<attribute name="gov_nasa_gsfc_fits_MJDObs" type="CFNumber" nosearch="false"/>
		<attribute name="gov_nasa_gsfc_fits_JulianDate" type="CFNumber" nosearch="false"/>

        <attribute name="gov_nasa_gsfc_fits_DateObs" type="CFDate" nosearch="false"/>

    </attributes>
     
    <types>
        <type name="gov.nasa.gsfc.fits"> 
            <allattrs>
				gov_nasa_gsfc_fits_TargetName
				gov_nasa_gsfc_fits_Naxis
				gov_nasa_gsfc_fits_Naxis1
				gov_nasa_gsfc_fits_Naxis2
				gov_nasa_gsfc_fits_DateObs
				gov_nasa_gsfc_fits_Exptime
				gov_nasa_gsfc_fits_Instrument
				gov_nasa_gsfc_fits_Detector
				gov_nasa_gsfc_fits_Telescope
				gov_nasa_gsfc_fits_Observatory
				gov_nasa_gsfc_fits_Observer
				gov_nasa_gsfc_fits_RightAscension
				gov_nasa_gsfc_fits_Declination
				gov_nasa_gsfc_fits_Equinox
				gov_nasa_gsfc_fits_Epoch
				gov_nasa_gsfc_fits_RaDecSystem
				gov_nasa_gsfc_fits_LocalSiderealTime
				gov_nasa_gsfc_fits_UniversalTime
				gov_nasa_gsfc_fits_Airmass
				gov_nasa_gsfc_fits_BZero
				gov_nasa_gsfc_fits_BScale
				gov_nasa_gsfc_fits_Bitpix
				gov_nasa_gsfc_fits_MJDObs
				gov_nasa_gsfc_fits_ArchiveFilename
				gov_nasa_gsfc_fits_JulianDate
            </allattrs>
            <displayattrs>
				gov_nasa_gsfc_fits_TargetName
				gov_nasa_gsfc_fits_Naxis
				gov_nasa_gsfc_fits_DateObs
				gov_nasa_gsfc_fits_Exptime
				gov_nasa_gsfc_fits_Instrument
				gov_nasa_gsfc_fits_Telescope
				gov_nasa_gsfc_fits_RightAscension
				gov_nasa_gsfc_fits_Declination
				gov_nasa_gsfc_fits_LocalSiderealTime
				gov_nasa_gsfc_fits_UniversalTime
				gov_nasa_gsfc_fits_MJDObs
				gov_nasa_gsfc_fits_JulianDate	
            </displayattrs>
        </type>
    </types>
</schema>

